amostra,filename,time,class,insigths,segment,wc,wps,i,we,you,they,article,verb,auxverb,past,present,future,adverb,preps,conj,negate,swear,family,friend,humans,affect,posemo,negemo,anx,sad,cogmech,insight,cause,discrep,tentat,certain
Daniela,and01.txt,-10,0,0,1,250,10.42,10.4,0.8,0,0.4,3.6,21.2,14,9.6,9.6,0.4,4,10.8,8.8,3.2,0.8,0,0.8,0.8,8.8,7.2,1.6,0,0,25.2,3.6,3.2,2.8,1.2,3.6
Daniela,and02.txt,-9,0,0,1,218,12.11,12.84,0.46,0,0,2.75,19.27,10.09,1.38,14.68,1.83,4.59,11.01,5.96,5.05,0,0,0,1.38,4.59,3.67,0.92,0,0.46,24.31,2.29,0.92,3.21,3.67,2.75
Daniela,and03.txt,-8,0,0,1,14,4.67,14.29,0,0,0,0,42.86,21.43,7.14,35.71,0,0,14.29,0,7.14,0,0,0,0,0,0,0,0,0,21.43,7.14,0,7.14,7.14,0
Daniela,and04.txt,-7,0,0,1,403,8.57,14.39,0,0.25,0.5,1.49,24.57,14.89,5.96,14.14,1.24,6.7,8.44,9.43,4.22,0.99,0,0.5,1.49,8.93,5.46,3.47,0,0.5,28.29,5.21,2.98,4.22,3.23,2.48
Daniela,and05.txt,-6,0,0,1,109,12.11,8.26,0,0,0.92,1.83,21.1,13.76,5.5,13.76,0.92,9.17,16.51,8.26,0,0.92,0,0,2.75,7.34,1.83,5.5,2.75,0,21.1,3.67,0.92,1.83,4.59,2.75
Daniela,and06.txt,-5,0,0,1,88,6.77,10.23,0,3.41,0,4.55,18.18,14.77,2.27,12.5,2.27,5.68,7.95,5.68,1.14,0,0,0,1.14,13.64,4.55,7.95,2.27,1.14,14.77,1.14,0,1.14,2.27,2.27
Daniela,and07.txt,-4,0,0,1,211,8.44,8.06,0,0,0.95,4.27,20.85,10.43,5.21,12.8,0.95,8.53,9.95,7.58,2.84,0,0,0.47,1.42,10.43,7.11,3.32,0.95,0.47,21.33,1.42,0.95,1.9,4.27,1.9
Daniela,and08.txt,-3,0,0,1,162,8.53,13.58,0,0,0,4.94,17.9,6.17,1.85,14.81,0,3.7,12.35,10.49,0.62,0.62,0,1.23,0.62,17.28,6.17,11.11,1.85,7.41,19.14,3.09,4.32,0.62,0.62,0
Daniela,and09.txt,-2,0,0,1,56,11.2,10.71,1.79,0,0,8.93,17.86,10.71,14.29,3.57,0,8.93,12.5,10.71,0,0,0,0,1.79,7.14,3.57,3.57,1.79,1.79,23.21,0,1.79,1.79,3.57,0
Daniela,and10.txt,-1,0,0,1,123,11.18,13.01,0.81,0,0.81,0.81,17.89,8.13,4.88,11.38,0,9.76,16.26,8.13,0,0.81,0,0,0.81,6.5,3.25,3.25,0.81,0.81,28.46,1.63,2.44,4.88,3.25,0.81
Daniela,and11.txt,0,1,1,1,138,10.62,15.94,0,0,0,5.8,23.91,15.94,7.97,13.04,1.45,6.52,9.42,9.42,7.97,0.72,0,0,2.17,4.35,0,4.35,0.72,0.72,22.46,7.25,2.17,5.07,1.45,0
Daniela,and12.txt,1,2,0,1,38,19,10.53,2.63,2.63,0,5.26,13.16,2.63,0,13.16,0,2.63,15.79,10.53,0,0,0,0,0,7.89,7.89,0,0,0,23.68,2.63,5.26,0,0,2.63
Daniela,and13.txt,2,2,0,1,51,3.64,9.8,0,0,0,9.8,7.84,7.84,1.96,5.88,0,1.96,23.53,0,1.96,0,0,0,1.96,15.69,7.84,7.84,3.92,1.96,13.73,1.96,1.96,1.96,3.92,1.96
Daniela,and14.txt,3,2,0,1,125,8.33,14.4,0,1.6,0,0.8,21.6,12.8,2.4,19.2,0,5.6,12.8,4.8,9.6,5.6,0,0,4.8,18.4,2.4,16,0,0.8,8.8,0.8,0.8,0,0,0.8
Daniela,and15.txt,4,2,0,1,79,8.78,15.19,0,0,0,2.53,15.19,2.53,1.27,12.66,0,1.27,10.13,8.86,0,0,0,0,0,6.33,6.33,0,0,0,25.32,3.8,3.8,3.8,3.8,1.27
Daniela,and16.txt,5,2,0,1,120,7.06,12.5,0,1.67,0.83,4.17,22.5,10,7.5,11.67,0.83,5.83,6.67,5.83,0.83,0,0,0,0,13.33,8.33,5,0,4.17,14.17,3.33,0,0.83,1.67,0.83
Daniela,and17.txt,6,2,0,1,44,5.5,15.91,0,0,0,6.82,15.91,13.64,0,13.64,0,6.82,9.09,9.09,4.55,0,0,0,0,13.64,6.82,6.82,4.55,2.27,11.36,2.27,0,2.27,2.27,2.27
Daniela,and18.txt,7,2,0,1,94,9.4,8.51,0,0,1.06,5.32,15.96,6.38,0,14.89,1.06,5.32,14.89,6.38,1.06,0,0,0,0,4.26,3.19,1.06,0,0,19.15,0,1.06,4.26,5.32,1.06
Daniela,and19.txt,8,2,0,1,43,10.75,16.28,0,0,0,4.65,16.28,6.98,6.98,6.98,2.33,4.65,6.98,6.98,0,0,0,0,0,6.98,6.98,0,0,0,23.26,2.33,0,6.98,2.33,2.33
Daniela,and20.txt,9,2,0,1,207,12.18,14.01,0,0,0.48,2.9,26.09,16.91,8.21,12.08,0.48,6.28,11.11,9.18,3.86,0,0,0,1.93,9.66,4.83,4.83,0.97,0.97,23.19,2.42,3.38,4.83,5.8,0.97
Daniela,and21.txt,10,2,0,1,395,9.63,13.16,0,0.25,0.51,3.8,24.05,16.2,4.81,14.43,1.27,6.08,11.65,7.34,4.05,0.25,0,0.25,0.51,7.09,5.06,2.03,0.25,0.51,22.53,4.81,3.54,1.27,1.77,3.29
Daniela,b4.01.txt,-10,0,0,1,301,12.04,6.31,0.33,0,1.33,7.64,15.28,9.63,5.65,7.31,1.33,5.32,10.96,6.64,0.66,0,1,0.66,1,4.98,2.99,1.99,0.33,0.33,16.28,2.33,0.66,3.99,3.32,0.33
Daniela,b4.02.txt,-9,0,0,1,35,17.5,11.43,0,0,0,11.43,11.43,11.43,0,8.57,0,5.71,22.86,2.86,2.86,0,0,0,0,2.86,0,0,0,0,8.57,2.86,0,0,0,0
Daniela,b4.03.txt,-8,0,0,1,180,15,8.89,1.67,0,0,6.11,18.89,10.56,5,12.22,1.67,6.67,11.67,8.33,2.78,0,0,0.56,0.56,4.44,4.44,0,0,0,23.89,2.22,2.22,2.78,3.33,1.67
Daniela,b4.04.txt,-7,0,0,1,426,18.52,8.69,0.47,0.23,1.64,5.63,17.37,12.21,4.93,8.69,0.7,4.93,14.79,5.87,3.29,0.47,1.41,0,1.17,4.46,1.41,3.05,0.94,0.47,19.25,2.58,1.41,2.58,4.23,1.64
Daniela,b4.05.txt,-6,0,0,1,251,13.94,3.98,0,2.39,2.39,6.37,18.73,12.75,1.2,15.14,0.4,7.17,13.15,6.77,2.39,0.4,0,0,1.2,5.98,3.98,1.99,0,0.8,18.73,3.19,2.39,1.59,5.18,1.99
Daniela,b4.06.txt,-5,0,0,1,133,8.87,20.3,0,0,0,4.51,15.04,10.53,0,13.53,0,0.75,9.02,1.5,5.26,0.75,0,0,0,11.28,3.01,8.27,0.75,3.01,11.28,3.01,0,0.75,2.26,0
Daniela,b4.07.txt,-4,0,0,1,360,10.91,9.44,0.56,0.28,0.56,4.44,15.56,10,8.61,6.11,0.28,5,13.61,4.72,0.83,0.28,0,1.11,0.56,8.06,5,2.5,0.56,1.11,12.22,2.22,1.39,0.56,0.56,1.11
Daniela,b4.08.txt,-3,0,0,1,173,19.22,7.51,0,1.73,0,7.51,11.56,5.78,3.47,7.51,0,6.36,11.56,6.36,0.58,0.58,0,0,1.73,5.2,1.73,3.47,0,0,17.34,4.05,1.73,2.31,4.05,0
Daniela,b4.09.txt,-2,0,0,1,100,7.14,5,3,9,0,3,9,5,0,9,0,5,9,3,1,0,2,0,0,12,12,0,0,0,11,2,1,2,2,0
Daniela,b4.10.txt,-1,0,0,1,80,16,11.25,1.25,1.25,0,3.75,17.5,8.75,2.5,13.75,0,6.25,13.75,7.5,3.75,0,0,0,1.25,5,2.5,2.5,0,1.25,23.75,1.25,3.75,1.25,5,1.25
Daniela,b4.11.txt,0,1,1,1,320,13.91,9.69,0,0,0.94,6.56,17.19,13.75,2.81,10.94,1.56,6.88,15,5.94,2.19,0,0.31,0,0.62,5.31,3.75,1.56,0.62,0,17.81,2.81,0,3.44,2.5,1.88
Daniela,b4.12.txt,1,2,0,1,583,13.88,7.2,1.03,1.54,0.51,6.17,14.24,9.26,4.63,7.72,0.86,5.66,14.75,5.32,1.72,0,0,0.51,0.86,5.15,3.26,1.72,0.17,0.34,14.07,1.89,0.86,1.2,2.06,0.86
Daniela,b4.13.txt,2,2,0,1,108,10.8,5.56,0,2.78,0,6.48,16.67,11.11,5.56,10.19,0,4.63,11.11,7.41,5.56,0,0,0,0,6.48,4.63,1.85,1.85,0,19.44,4.63,1.85,0,4.63,0
Daniela,b4.14.txt,3,2,0,1,143,15.89,1.4,0,1.4,0.7,6.99,9.09,4.9,1.4,6.29,1.4,2.8,12.59,6.29,3.5,0,0,0,1.4,2.8,2.8,0,0,0,15.38,2.1,0.7,1.4,3.5,1.4
Daniela,b4.15.txt,4,2,0,1,15,7.5,6.67,0,0,0,6.67,26.67,20,0,26.67,0,13.33,0,13.33,6.67,0,0,0,0,6.67,0,6.67,0,0,20,6.67,0,6.67,6.67,0
Daniela,b4.16.txt,5,2,0,1,102,11.33,7.84,0,0,2.94,1.96,12.75,10.78,2.94,6.86,0.98,4.9,17.65,4.9,3.92,0,3.92,0,0,5.88,5.88,0,0,0,18.63,0.98,1.96,0.98,0,1.96
Daniela,b4.17.txt,6,2,0,1,26,8.67,7.69,0,0,3.85,7.69,15.38,7.69,0,11.54,3.85,7.69,19.23,3.85,3.85,0,0,0,3.85,3.85,0,3.85,3.85,0,19.23,3.85,0,0,11.54,0
Daniela,b4.18.txt,7,2,0,1,223,10.62,14.35,0.45,0.9,0,4.04,19.73,13.45,2.24,16.14,0,9.42,12.11,6.73,2.69,0,0,0.9,1.79,8.97,4.48,4.48,1.79,0.45,23.32,3.59,1.79,1.79,3.59,3.59
Daniela,b4.19.txt,8,2,0,1,432,17.28,4.4,1.85,0,2.78,3.7,13.19,6.94,2.08,8.8,0.69,5.79,12.27,8.33,1.62,0,1.16,0.23,3.47,6.71,2.55,4.17,0.93,1.16,19.21,2.78,2.08,3.24,1.85,0.93
Daniela,b4.20.txt,9,2,0,1,79,13.17,5.06,0,2.53,0,7.59,12.66,10.13,6.33,3.8,1.27,8.86,8.86,3.8,0,1.27,1.27,0,1.27,7.59,2.53,5.06,2.53,0,10.13,2.53,0,0,2.53,2.53
Daniela,b4.21.txt,10,2,0,1,191,9.55,9.42,0,0,0.52,3.14,17.8,12.04,2.09,12.04,3.14,7.85,11.52,8.38,4.19,0,0,0,0,3.14,2.09,1.05,0,0.52,27.23,5.76,2.09,3.66,5.24,1.05
Daniela,hydra01.txt,-10,0,0,1,44,11,0,2.27,2.27,4.55,2.27,15.91,9.09,0,13.64,0,9.09,9.09,2.27,0,0,0,0,0,4.55,4.55,0,0,0,6.82,2.27,0,0,2.27,0
Daniela,hydra02.txt,-9,0,0,1,109,21.8,12.84,0,0.92,0,4.59,18.35,12.84,2.75,12.84,2.75,6.42,10.09,7.34,0.92,0.92,0,0,0.92,6.42,5.5,0.92,0,0,15.6,0,0,2.75,1.83,2.75
Daniela,hydra03.txt,-8,0,0,1,42,21,4.76,0,0,0,14.29,11.9,9.52,0,11.9,0,2.38,11.9,2.38,0,0,0,0,0,7.14,7.14,0,0,0,16.67,4.76,0,2.38,7.14,0
Daniela,hydra04.txt,-7,0,0,1,41,10.25,14.63,0,0,0,4.88,17.07,7.32,2.44,14.63,0,4.88,12.2,2.44,0,0,0,0,0,4.88,4.88,0,0,0,12.2,2.44,0,2.44,2.44,2.44
Daniela,hydra05.txt,-6,0,0,1,5,2.5,0,0,0,0,0,0,0,0,0,0,0,0,0,0,0,0,0,0,0,0,0,0,0,0,0,0,0,0,0
Daniela,hydra06.txt,-5,0,0,1,33,11,0,0,0,0,9.09,3.03,3.03,0,0,0,3.03,12.12,6.06,0,0,0,0,0,6.06,3.03,3.03,3.03,0,6.06,0,0,0,0,0
Daniela,hydra07.txt,-4,0,0,1,189,31.5,0,0.53,0.53,0,3.17,6.35,4.76,0.53,1.59,2.12,1.59,14.29,5.29,0,0,0,0.53,0.53,3.17,2.65,0.53,0.53,0.53,8.99,3.17,0,1.06,2.12,0
Daniela,hydra08.txt,-3,0,0,1,30,15,13.33,0,0,0,3.33,13.33,3.33,3.33,6.67,0,0,10,0,0,0,0,0,0,0,0,0,0,0,13.33,3.33,0,3.33,3.33,3.33
Daniela,hydra09.txt,-2,0,0,1,8,8,0,0,0,0,0,12.5,0,0,12.5,0,12.5,12.5,12.5,0,0,0,0,0,0,0,0,0,0,25,0,12.5,0,0,0
Daniela,hydra10.txt,-1,0,0,1,15,5,0,0,0,0,20,20,20,0,20,0,13.33,0,13.33,0,0,0,0,20,6.67,0,6.67,0,0,13.33,13.33,0,0,0,0
Daniela,hydra11.txt,0,1,1,1,240,21.82,12.5,0,0,0,7.08,12.92,8.75,0,10.42,0.83,4.58,13.33,7.08,1.25,0,0,0,1.25,3.75,2.5,1.25,0.42,0.42,17.5,2.92,1.25,0.83,2.92,3.33
Daniela,hydra12.txt,1,2,0,1,7,7,0,0,0,0,0,28.57,14.29,0,28.57,0,0,14.29,0,0,0,0,0,0,28.57,28.57,0,0,0,42.86,0,0,0,0,28.57
Daniela,hydra13.txt,2,2,0,1,32,10.67,6.25,0,0,0,3.12,15.62,6.25,0,15.62,0,0,15.62,0,0,0,0,0,0,3.12,3.12,0,0,0,15.62,9.38,0,0,9.38,0
Daniela,hydra14.txt,3,2,0,1,35,11.67,8.57,0,0,0,11.43,17.14,8.57,2.86,14.29,0,2.86,8.57,5.71,2.86,0,0,0,0,5.71,5.71,0,0,0,20,5.71,0,2.86,11.43,0
Daniela,hydra15.txt,4,2,0,1,62,62,3.23,0,0,0,1.61,12.9,12.9,0,11.29,0,0,20.97,0,1.61,0,0,0,0,0,0,0,0,0,3.23,0,0,0,1.61,0
Daniela,hydra16.txt,5,2,0,1,26,13,3.85,0,0,0,3.85,7.69,3.85,0,3.85,3.85,7.69,19.23,3.85,0,0,0,0,0,0,0,0,0,0,15.38,3.85,3.85,0,7.69,0
Daniela,hydra17.txt,6,2,0,1,23,7.67,13.04,0,0,0,0,17.39,17.39,0,13.04,0,8.7,17.39,8.7,0,0,0,0,0,8.7,8.7,0,0,0,4.35,0,0,0,0,0
Daniela,hydra18.txt,7,2,0,1,8,8,12.5,0,0,0,0,25,25,0,25,0,0,0,0,0,0,0,0,0,25,25,0,0,0,37.5,0,0,0,12.5,25
Daniela,hydra19.txt,8,2,0,1,46,23,2.17,0,0,0,8.7,13.04,8.7,0,13.04,0,4.35,10.87,6.52,0,0,0,0,2.17,6.52,6.52,0,0,0,23.91,2.17,6.52,4.35,10.87,0
Daniela,hydra20.txt,9,2,0,1,6,6,0,0,0,0,16.67,16.67,16.67,16.67,0,0,0,0,0,0,0,0,0,0,16.67,16.67,0,0,0,16.67,0,0,0,0,16.67
Daniela,hydra21.txt,10,2,0,1,171,24.43,0,1.17,0.58,2.34,1.17,12.28,9.94,1.17,5.85,2.92,3.51,11.11,5.85,0,0,0,0.58,0,3.51,3.51,0,0,0,15.2,5.85,1.75,1.17,3.51,0
Daniela,june1.txt,-10,0,0,1,380,20,10.26,0.26,0,0.79,6.84,15.79,10.53,3.68,9.74,1.32,6.05,16.05,6.84,1.84,0.26,0.53,0.26,0.53,6.58,4.21,2.37,1.32,0.26,17.37,3.42,1.84,1.32,3.42,1.32
Daniela,june10.txt,-1,0,0,1,651,18.08,8.6,0.61,0.46,0.61,5.84,14.75,9.06,3.99,9.22,0.46,6.76,14.44,7.68,1.84,0,1.38,0.15,0.77,7.99,6.61,1.38,0,0.46,19.97,2.15,1.69,2,3.38,1.54
Daniela,june11.txt,0,1,1,1,343,17.15,8.16,0.58,0,0.29,7.58,12.54,6.71,2.92,8.75,0.29,4.08,11.95,6.41,2.62,0,0.29,0.58,1.46,8.16,4.66,2.33,0.58,0,19.24,4.96,2.33,1.75,2.92,0.87
Daniela,june12.txt,1,2,0,1,635,17.64,8.82,1.42,0.79,0.94,5.35,15.59,9.76,4.72,8.82,0.94,4.88,13.54,7.4,1.89,0.31,0.63,0.47,0.94,4.09,2.99,1.1,0.31,0.16,19.53,2.68,2.36,2.05,2.52,1.57
Daniela,june13.txt,2,2,0,1,382,25.47,8.64,0.26,0.52,0.79,5.76,12.57,8.12,3.66,5.5,1.83,6.02,13.09,5.24,0.52,0,0.26,0,3.66,4.19,2.88,1.31,0.26,0,18.85,2.88,1.57,2.88,3.66,1.31
Daniela,june14.txt,3,2,0,1,517,17.23,6,1.74,0.19,5.22,7.54,14.12,8.9,5.61,6,0.58,5.03,13.15,8.51,2.32,0,0.19,0.39,0.58,6.77,5.22,1.55,0.97,0,22.82,4.64,1.16,1.93,3.09,2.51
Daniela,june15.txt,4,2,0,1,195,21.67,0.51,4.1,0.51,1.54,12.31,8.21,4.1,5.13,2.56,0,1.54,17.95,5.13,0,0,1.03,0,1.54,3.59,3.59,0,0,0,10.77,0.51,0.51,0.51,1.54,0
Daniela,june16.txt,5,2,0,1,167,12.85,21.56,0,3.59,0,5.39,28.14,14.37,3.59,23.95,0,0,10.78,2.4,4.19,0,0,0,4.79,4.19,1.8,2.4,0.6,2.4,19.76,9.58,1.8,1.2,2.4,0
Daniela,june2.txt,-9,0,0,1,454,18.92,3.96,6.17,0.22,0.44,6.83,11.01,6.17,3.96,6.39,0.22,4.19,14.98,7.71,1.76,0.22,0,1.76,0.44,8.37,5.73,2.64,0,0.88,25.55,3.96,1.32,1.1,1.98,1.76
Daniela,june3.txt,-8,0,0,1,121,15.12,5.79,1.65,0.83,0,9.92,15.7,10.74,4.13,6.61,2.48,5.79,14.88,5.79,0.83,0,0,0,1.65,8.26,8.26,0,0,0,15.7,3.31,1.65,0.83,1.65,1.65
Daniela,june4.txt,-7,0,0,1,163,13.58,4.91,4.91,0,1.23,6.75,20.25,11.66,4.91,12.88,0.61,6.75,10.43,6.13,1.84,0,0,0.61,1.23,8.59,6.75,1.84,0,0.61,31.9,5.52,3.68,1.23,6.75,1.84
Daniela,june5.txt,-6,0,0,1,438,14.13,4.34,2.97,0.68,0.91,6.62,11.42,6.85,2.28,7.76,0.68,4.34,15.53,7.99,0.46,0.23,0.46,0.23,0.68,5.71,4.11,1.6,0.46,0.46,18.04,2.74,0.91,0.91,3.2,0.46
Daniela,june6.txt,-5,0,0,1,411,14.17,4.38,3.41,0,0.49,7.3,10.22,5.84,2.68,6.57,0.97,4.38,13.14,6.57,0.97,0,0.73,1.46,1.22,7.06,5.84,1.22,0.24,0.24,16.55,1.95,1.22,0.49,1.7,1.95
Daniela,june7.txt,-4,0,0,1,247,17.64,8.91,2.43,0.4,0,5.67,14.17,7.29,2.83,10.12,0.4,8.91,14.57,11.34,0.4,0,0.4,0.4,0,4.05,2.83,0.4,0,0,22.27,4.45,1.62,2.02,4.86,2.02
Daniela,june8.txt,-3,0,0,1,492,10.7,8.54,1.42,0.61,0.41,3.86,17.89,11.38,6.5,8.33,1.42,5.89,11.38,11.18,3.25,0.2,0,0.2,0.81,6.91,5.08,1.83,0,0.61,26.63,2.85,1.83,2.85,3.66,2.85
Daniela,june9.txt,-2,0,0,1,320,16,6.88,1.56,0,0.31,7.5,11.56,7.81,4.69,5,0.94,4.69,13.75,7.5,0.31,0.31,0.31,0,0.31,7.81,4.38,3.44,1.25,0.31,16.88,0.94,0.31,1.56,2.81,1.88
Daniela,kari1.txt,-10,0,0,1,55,55,1.82,0,0,0,7.27,9.09,5.45,0,9.09,0,7.27,5.45,1.82,0,0,0,0,0,7.27,3.64,3.64,0,0,9.09,1.82,0,0,0,1.82
Daniela,kari10.txt,-1,0,0,1,23,11.5,8.7,0,0,4.35,4.35,26.09,13.04,0,26.09,0,8.7,8.7,13.04,4.35,0,0,0,4.35,13.04,13.04,0,0,0,26.09,4.35,8.7,0,0,4.35
Daniela,kari11.txt,0,1,1,1,156,8.21,12.82,0,0,0.64,4.49,23.72,12.18,0.64,19.23,1.28,8.33,8.97,3.85,3.21,1.28,0,0,0,12.18,5.77,6.41,3.85,0,21.79,5.13,2.56,1.28,3.21,1.92
Daniela,kari12.txt,1,2,0,1,9,9,0,0,0,0,11.11,0,0,0,0,0,0,11.11,0,0,0,0,0,0,22.22,22.22,0,0,0,0,0,0,0,0,0
Daniela,kari13.txt,2,2,0,1,3,3,0,0,0,0,0,0,0,0,0,0,0,0,0,0,0,0,0,0,33.33,33.33,0,0,0,0,0,0,0,0,0
Daniela,kari14.txt,3,2,0,1,112,16,11.61,0,0,0,6.25,23.21,13.39,2.68,18.75,0.89,11.61,11.61,7.14,3.57,0.89,0,0,0,8.04,5.36,2.68,1.79,0,19.64,1.79,0.89,6.25,3.57,0.89
Daniela,kari15.txt,4,2,0,1,43,8.6,2.33,0,0,0,4.65,9.3,6.98,4.65,2.33,0,6.98,18.6,2.33,0,0,4.65,0,0,4.65,4.65,0,0,0,20.93,0,2.33,6.98,4.65,0
Daniela,kari16.txt,5,2,0,1,144,10.29,10.42,0.69,2.78,0,4.17,18.06,14.58,4.17,11.11,2.08,9.72,15.28,7.64,4.17,1.39,0,1.39,0,6.94,2.78,4.17,1.39,0,18.75,3.47,0,2.78,1.39,2.78
Daniela,kari17.txt,6,2,0,1,143,13,11.19,0,0,0,4.2,23.08,13.29,5.59,13.99,2.8,6.99,11.19,6.99,3.5,0,0.7,0,0,3.5,2.1,1.4,1.4,0,14.69,2.8,0.7,1.4,2.8,0.7
Daniela,kari18.txt,7,2,0,1,47,7.83,6.38,0,0,2.13,6.38,12.77,6.38,6.38,6.38,0,4.26,8.51,4.26,4.26,2.13,0,0,0,6.38,4.26,2.13,2.13,0,10.64,0,2.13,0,0,2.13
Daniela,kari19.txt,8,2,0,1,55,6.88,9.09,0,0,0,1.82,20,12.73,0,18.18,1.82,10.91,9.09,5.45,3.64,3.64,0,0,0,9.09,3.64,5.45,0,0,10.91,0,0,0,0,0
Daniela,kari2.txt,-9,0,0,1,155,19.38,7.74,0,0,0,3.23,16.77,12.26,2.58,12.26,0.65,11.61,17.42,7.74,0.65,0,0,2.58,0,10.97,8.39,2.58,1.29,0,16.13,1.29,0.65,0.65,3.23,0.65
Daniela,kari20.txt,9,2,0,1,32,8,9.38,0,0,0,9.38,9.38,6.25,0,6.25,0,9.38,28.12,0,0,0,0,0,0,6.25,6.25,0,0,0,6.25,0,0,0,6.25,0
Daniela,kari21.txt,10,2,0,1,69,9.86,7.25,0,0,0,5.8,14.49,8.7,0,11.59,1.45,10.14,10.14,14.49,0,0,0,0,0,5.8,5.8,0,0,0,17.39,0,1.45,4.35,1.45,0
Daniela,kari3.txt,-8,0,0,1,128,10.67,7.03,0.78,0,0,4.69,17.19,7.81,10.94,4.69,0.78,7.81,10.94,8.59,1.56,1.56,0,0.78,0,6.25,5.47,0.78,0,0,18.75,1.56,0,1.56,4.69,0.78
Daniela,kari4.txt,-7,0,0,1,13,4.33,0,0,0,0,0,30.77,15.38,15.38,7.69,7.69,0,15.38,0,0,0,0,0,0,7.69,7.69,0,0,0,15.38,0,0,0,7.69,0
Daniela,kari5.txt,-6,0,0,1,71,10.14,9.86,1.41,0,0,2.82,22.54,9.86,12.68,8.45,0,1.41,8.45,5.63,1.41,0,0,0,0,9.86,8.45,1.41,1.41,0,14.08,1.41,4.23,0,1.41,0
Daniela,kari6.txt,-5,0,0,1,34,8.5,5.88,0,0,2.94,0,17.65,11.76,5.88,11.76,0,2.94,5.88,8.82,0,0,0,0,0,5.88,5.88,0,0,0,2.94,0,0,0,0,0
Daniela,kari7.txt,-4,0,0,1,177,22.12,8.47,0.56,1.69,1.13,3.95,14.69,11.3,5.65,7.34,0.56,8.47,10.73,7.34,2.26,0.56,0,0,0,6.78,3.95,2.82,0,0,20.34,2.82,1.69,2.26,5.08,2.26
Daniela,kari8.txt,-3,0,0,1,32,8,3.12,0,0,3.12,3.12,12.5,9.38,0,12.5,0,15.62,15.62,15.62,0,0,0,0,0,9.38,9.38,0,0,0,9.38,0,0,3.12,0,0
Daniela,kari9.txt,-2,0,0,1,30,10,6.67,0,0,0,10,13.33,10,3.33,10,0,6.67,16.67,3.33,0,0,0,0,0,10,6.67,3.33,0,3.33,16.67,0,3.33,0,3.33,3.33
Daniela,mam01.txt,-10,0,0,1,482,17.21,8.09,0.41,0,1.04,5.81,18.46,11,3.94,10.79,1.04,4.56,14.73,6.85,2.28,0,0.21,0.21,1.66,3.94,2.28,1.24,0.21,0.21,13.9,1.87,0.83,1.04,2.07,0.62
Daniela,mam02.txt,-9,0,0,1,33,8.25,12.12,0,0,0,6.06,12.12,9.09,0,12.12,0,0,15.15,6.06,0,0,0,0,0,3.03,0,3.03,0,3.03,18.18,3.03,0,0,3.03,0
Daniela,mam03.txt,-8,0,0,1,241,26.78,2.49,1.24,0,1.66,11.2,10.37,5.81,4.98,5.39,0,4.98,14.11,7.05,2.07,0,0,0,1.24,2.9,1.24,1.66,0,0,13.69,0.83,0.83,0,2.49,0.41
Daniela,mam04.txt,-7,0,0,1,471,21.41,7.86,0.21,0,0,6.16,18.26,12.1,3.4,11.25,0.42,2.97,17.2,6.37,2.12,0,0.64,1.06,0.85,7.01,6.37,0.64,0.21,0.21,17.2,3.18,1.7,2.76,1.49,1.27
Daniela,mam05.txt,-6,0,0,1,314,13.08,5.73,0,0.32,0.32,4.46,15.29,11.15,4.46,9.55,0.32,7.01,10.51,6.05,3.5,0,0,2.87,2.23,7.01,4.78,2.23,0,1.91,14.97,0.96,4.14,0.64,0.96,0
Daniela,mam06.txt,-5,0,0,1,416,24.47,6.97,0.48,0.24,0.24,5.53,14.42,8.41,7.21,5.77,0,4.81,15.14,9.38,3.12,0.24,0.96,0,0.24,3.12,1.68,1.44,0,0,17.79,0.96,2.4,1.68,1.68,1.2
Daniela,mam07.txt,-4,0,0,1,815,18.11,7.12,0,0.12,0,8.47,15.83,10.31,3.56,8.83,1.1,7.48,13.25,7.36,1.47,0.12,0.61,0.25,0.86,4.66,2.94,1.72,0.37,0.86,19.51,2.33,1.1,1.84,6.13,1.35
Daniela,mam08.txt,-3,0,0,1,544,15.54,5.33,0,0,3.12,8.64,13.24,8.82,2.02,8.09,2.02,7.35,11.4,5.7,2.21,0,0,0,0.37,5.33,2.94,2.39,0,0.55,15.44,1.29,1.29,2.76,3.12,0.55
Daniela,mam09.txt,-2,0,0,1,840,19.53,5.71,1.43,0.24,0.83,9.05,16.07,10.95,1.43,11.43,0.6,4.4,14.05,6.55,2.02,0.12,0.6,0,0.95,5.48,3.33,2.02,0.6,0.12,17.5,1.31,1.43,1.55,2.38,1.43
Daniela,mam10.txt,-1,0,0,1,480,22.86,9.58,0,0,0.21,6.04,13.54,10.62,3.96,7.5,0.42,5.83,13.33,7.92,1.46,0,0.83,0.62,1.67,6.67,3.54,3.12,1.25,0.83,17.71,4.58,1.88,1.04,1.25,1.46
Daniela,mam11.txt,0,1,1,1,234,18,7.69,0.43,0,0.85,6.41,15.81,10.68,2.14,11.54,0.85,4.7,14.1,5.13,2.14,0,0.43,0,0.85,4.7,3.85,0.85,0.43,0,17.09,2.99,2.56,1.28,2.56,2.14
Daniela,mam12.txt,1,2,0,1,62,15.5,4.84,0,0,0,9.68,14.52,11.29,4.84,8.06,1.61,0,12.9,8.06,1.61,0,0,0,0,8.06,3.23,4.84,0,0,11.29,0,0,1.61,3.23,0
Daniela,mam13.txt,2,2,0,1,253,13.32,3.56,0.79,0,0.4,6.32,12.65,9.09,1.58,9.09,0.4,5.14,17.39,7.11,2.37,0,0,0,0.4,4.35,2.77,1.58,1.19,0.4,17.39,1.19,1.19,0.79,3.16,0
Daniela,mam14.txt,3,2,0,1,607,12.39,9.56,0.33,0,0.66,6.43,15.98,9.72,2.64,11.2,0.49,3.95,14.99,5.27,2.64,0.49,0.49,0,0.99,7.25,3.29,3.79,0.82,0.99,16.97,1.65,1.48,2.31,2.31,1.15
Daniela,mam15.txt,4,2,0,1,266,14.78,7.89,0,0,0.75,5.64,16.17,10.53,1.13,14.29,0.75,4.51,16.54,6.39,2.26,0,0,0.38,0.75,6.02,4.51,1.13,0,0.38,17.67,1.88,2.63,2.26,1.5,0.38
Daniela,mam16.txt,5,2,0,1,499,15.12,8.82,0.2,1,0.4,7.01,16.63,11.02,2.61,12.83,0.8,4.21,13.43,4.81,3.21,0,0,0,0.4,5.01,4.01,0.8,0.4,0,14.63,4.01,0.8,1,2.81,1.6
Daniela,mam17.txt,6,2,0,1,222,13.06,5.86,0.9,0.9,0.45,7.21,18.47,10.81,1.8,13.51,1.35,3.15,13.96,6.31,0.45,0,0,0.45,0.45,5.86,4.5,1.35,0.45,0.45,13.51,1.35,0.9,1.35,1.8,0.45
Daniela,mam18.txt,7,2,0,1,107,10.7,9.35,0,0,0,2.8,17.76,7.48,2.8,12.15,2.8,7.48,10.28,4.67,7.48,0,0,0.93,0,4.67,0.93,3.74,0,0,13.08,0.93,0.93,0,4.67,0
Daniela,mam19.txt,8,2,0,1,335,19.71,2.69,2.39,0,0,9.25,12.24,8.66,2.39,4.78,1.79,2.69,9.55,7.76,0.3,0,0,0.6,0,4.18,3.58,0.6,0,0,16.42,1.49,1.19,2.09,2.39,0.9
Daniela,mam20.txt,9,2,0,1,93,13.29,4.3,0,0,2.15,5.38,18.28,11.83,4.3,11.83,0,7.53,16.13,6.45,1.08,0,0,1.08,1.08,3.23,2.15,1.08,0,0,8.6,1.08,1.08,1.08,1.08,0
Daniela,mam21.txt,10,2,0,1,652,12.54,8.9,0.46,0,0.46,5.98,15.8,9.2,4.29,10.43,0.31,5.83,13.8,6.44,2.3,0,0.31,0.31,0.77,3.99,2.45,1.53,0.15,1.23,16.72,4.6,0.92,1.23,2.15,0.31
Daniela,mat01.txt,-10,0,0,1,8,4,25,0,0,0,0,37.5,25,0,37.5,0,25,12.5,0,12.5,0,0,0,0,12.5,12.5,0,0,0,12.5,0,0,0,0,0
Daniela,mat02.txt,-9,0,0,1,6,6,16.67,0,16.67,0,0,33.33,16.67,0,33.33,0,0,16.67,0,16.67,0,0,0,0,0,0,0,0,0,16.67,0,0,16.67,0,0
Daniela,mat03.txt,-8,0,0,1,23,11.5,17.39,0,13.04,0,0,26.09,17.39,0,17.39,4.35,8.7,17.39,0,8.7,0,0,0,4.35,8.7,4.35,4.35,4.35,0,30.43,0,8.7,4.35,0,0
Daniela,mat04.txt,-7,0,0,1,14,7,7.14,0,7.14,0,7.14,14.29,0,0,14.29,0,0,21.43,0,0,0,0,0,0,7.14,0,7.14,0,0,21.43,0,7.14,7.14,7.14,0
Daniela,mat05.txt,-6,0,0,1,12,3,8.33,0,8.33,0,0,33.33,16.67,0,25,0,8.33,0,0,0,0,0,0,0,8.33,8.33,0,0,0,8.33,0,0,0,8.33,0
Daniela,mat06.txt,-5,0,0,1,10,5,20,0,0,0,0,40,20,0,30,0,10,0,0,10,0,0,0,0,30,30,0,0,0,20,0,0,0,10,0
Daniela,mat07.txt,-4,0,0,1,81,13.5,12.35,0,0,0,1.23,18.52,17.28,1.23,11.11,1.23,13.58,9.88,4.94,4.94,0,2.47,0,0,6.17,4.94,0,0,0,19.75,2.47,0,0,2.47,2.47
Daniela,mat08.txt,-3,0,0,1,126,14,15.87,0,0,0,4.76,19.84,8.73,3.97,11.9,1.59,6.35,8.73,8.73,0,0,1.59,0,1.59,3.97,3.97,0,0,0,16.67,3.17,2.38,1.59,1.59,2.38
Daniela,mat09.txt,-2,0,0,1,9,9,22.22,0,0,0,0,22.22,11.11,0,22.22,0,22.22,0,0,11.11,0,0,0,0,0,0,0,0,0,55.56,11.11,0,0,11.11,0
Daniela,mat10.txt,-1,0,0,1,5,5,0,0,0,0,0,20,0,20,0,0,0,0,0,20,0,0,0,0,20,20,0,0,0,40,20,0,0,0,20
Daniela,mat11.txt,0,1,1,1,350,14.58,17.71,0,0,0,4,22.86,18,1.14,19.14,0.86,7.43,13.43,5.43,2.86,0.57,0.29,0.29,1.43,5.43,1.43,4,0,1.14,20.29,3.14,1.43,0.29,2.29,3.14
Daniela,mat12.txt,1,2,0,1,249,17.79,2.01,0,12.85,0.4,4.42,22.89,16.06,0.4,19.68,1.61,10.04,13.25,7.23,6.02,0.8,0,0,0.4,5.62,4.02,1.61,0,0.4,22.89,4.42,2.41,2.41,3.61,0.8
Daniela,mat13.txt,2,2,0,1,3,3,0,0,0,0,0,0,0,0,0,0,0,0,0,0,33.33,0,0,0,33.33,0,33.33,0,0,0,0,0,0,0,0
Daniela,mat14.txt,3,2,0,1,104,13,10.58,0,0,1.92,2.88,18.27,10.58,4.81,11.54,0.96,10.58,10.58,10.58,0.96,0,0,0,0,6.73,6.73,0,0,0,19.23,1.92,2.88,0.96,1.92,2.88
Daniela,mat15.txt,4,2,0,1,27,9,14.81,0,0,3.7,3.7,11.11,3.7,7.41,3.7,0,0,14.81,3.7,0,0,0,0,0,0,0,0,0,0,14.81,3.7,0,0,3.7,0
Daniela,mat16.txt,5,2,0,1,79,13.17,15.19,0,2.53,0,1.27,24.05,17.72,0,15.19,3.8,6.33,10.13,10.13,1.27,0,0,0,0,10.13,3.8,6.33,0,0,24.05,5.06,1.27,2.53,2.53,1.27
Daniela,mat17.txt,6,2,0,1,19,9.5,5.26,0,10.53,0,0,26.32,21.05,0,26.32,0,15.79,15.79,10.53,5.26,0,0,0,0,10.53,5.26,5.26,5.26,0,36.84,0,5.26,5.26,5.26,5.26
Daniela,mat18.txt,7,2,0,1,23,3.83,8.7,0,0,0,4.35,13.04,8.7,0,8.7,0,13.04,8.7,0,0,0,0,0,0,8.7,0,8.7,0,0,17.39,4.35,0,4.35,0,4.35
Daniela,mat19.txt,8,2,0,1,15,15,20,0,0,0,13.33,20,6.67,0,13.33,6.67,0,0,13.33,0,0,0,0,6.67,0,0,0,0,0,13.33,6.67,0,6.67,6.67,0
Daniela,mat20.txt,9,2,0,1,47,11.75,8.51,0,0,0,4.26,14.89,8.51,8.51,4.26,0,6.38,14.89,4.26,0,0,0,0,0,12.77,8.51,4.26,0,4.26,6.38,0,0,0,2.13,0
Daniela,mat21.txt,10,2,0,1,110,13.75,0,0,4.55,4.55,4.55,21.82,17.27,0.91,16.36,1.82,4.55,16.36,3.64,3.64,0,0,0,1.82,3.64,1.82,1.82,0.91,0.91,20,2.73,4.55,1.82,2.73,3.64
Daniela,melllo1.txt,-10,0,0,1,90,3.46,0,0,0,0,1.11,31.11,28.89,1.11,27.78,0,2.22,2.22,1.11,0,0,0,1.11,2.22,33.33,3.33,30,0,2.22,5.56,0,0,0,0,3.33
Daniela,melllo10.txt,-1,0,0,1,69,9.86,15.94,0,4.35,0,1.45,17.39,13.04,4.35,10.14,1.45,2.9,13.04,11.59,4.35,0,0,0,0,7.25,4.35,2.9,0,2.9,24.64,4.35,0,1.45,4.35,7.25
Daniela,melllo11.txt,0,1,1,1,231,10.5,9.96,0,2.16,0.43,6.06,21.21,11.26,3.9,13.85,1.73,6.06,14.72,6.06,3.03,0,0,0,1.73,4.76,3.46,0.43,0,0.43,26.84,4.33,3.03,3.03,5.63,2.6
Daniela,melllo12.txt,1,2,0,1,31,3.88,0,0,0,0,3.23,6.45,0,0,6.45,0,3.23,16.13,0,0,3.23,0,0,0,9.68,6.45,3.23,0,0,12.9,0,0,0,6.45,0
Daniela,melllo13.txt,2,2,0,1,279,10.73,11.83,1.08,5.38,0,4.66,20.43,11.47,6.09,10.39,2.15,6.81,12.19,7.17,4.3,0.36,0,0,0.72,6.45,3.58,2.87,0,0.36,20.79,3.58,2.87,2.51,1.43,3.23
Daniela,melllo14.txt,3,2,0,1,69,8.62,10.14,0,7.25,1.45,2.9,21.74,14.49,5.8,10.14,4.35,2.9,4.35,7.25,10.14,0,0,0,0,5.8,4.35,1.45,0,0,27.54,4.35,1.45,1.45,2.9,5.8
Daniela,melllo2.txt,-9,0,0,1,102,7.29,8.82,1.96,3.92,0,6.86,18.63,9.8,1.96,16.67,0,6.86,9.8,9.8,4.9,3.92,0,0,0.98,12.75,5.88,6.86,0,0,21.57,1.96,7.84,0,3.92,2.94
Daniela,melllo3.txt,-8,0,0,1,138,7.26,13.04,0,9.42,0,3.62,13.77,7.97,0,12.32,1.45,2.17,5.07,5.07,1.45,12.32,0,0,1.45,19.57,5.07,14.49,1.45,1.45,12.32,1.45,0.72,0,3.62,4.35
Daniela,melllo4.txt,-7,0,0,1,256,10.67,12.5,0.39,0,0.78,4.69,17.97,8.98,1.17,15.62,0.39,8.2,12.5,8.2,3.91,0.39,0.39,0,1.17,10.94,5.86,5.08,0.78,1.56,19.53,2.34,1.17,2.34,7.03,1.95
Daniela,melllo5.txt,-6,0,0,1,88,8,13.64,0,0,0,2.27,21.59,13.64,2.27,18.18,0,7.95,15.91,3.41,3.41,0,0,1.14,0,4.55,4.55,0,0,0,19.32,5.68,2.27,0,2.27,2.27
Daniela,melllo6.txt,-5,0,0,1,417,9.07,14.15,0.24,0,1.2,1.92,23.26,11.99,2.16,16.79,0.72,8.87,12.23,6.95,4.08,0,0.72,0.72,0.24,6.71,2.88,3.6,0.96,1.2,24.46,6.47,2.64,2.4,3.84,1.68
Daniela,melllo7.txt,-4,0,0,1,206,10.84,11.17,0,6.31,0,3.88,21.36,10.19,3.4,16.99,0.49,6.8,11.17,3.4,2.91,0.49,0,0,0,5.83,5.83,0,0,0,23.3,3.4,2.43,0.49,5.83,4.37
Daniela,melllo8.txt,-3,0,0,1,241,8.61,13.69,0,4.98,0,3.32,16.6,9.13,0.83,13.69,0,6.22,9.54,7.88,4.56,1.24,0.41,0,0,6.22,4.56,1.66,0,0,23.24,3.73,2.07,0.83,2.9,6.22
Daniela,melllo9.txt,-2,0,0,1,105,9.55,11.43,0,4.76,0,4.76,20,11.43,5.71,7.62,1.9,4.76,11.43,5.71,3.81,0.95,0,0,0.95,9.52,7.62,1.9,0,0.95,24.76,0.95,2.86,3.81,2.86,6.67
Daniela,nunca01.txt,-10,0,0,1,210,9.55,8.1,0,1.43,0,2.86,21.43,12.86,6.19,13.81,0.95,7.62,11.9,5.24,3.33,0,0.95,0,2.86,5.24,3.81,1.43,0.48,0.48,18.57,6.19,0.95,1.43,1.43,2.38
Daniela,nunca02.txt,-9,0,0,1,48,8,18.75,0,0,0,0,14.58,10.42,0,14.58,0,0,8.33,8.33,8.33,0,0,0,2.08,8.33,8.33,0,0,0,18.75,2.08,0,6.25,6.25,2.08
Daniela,nunca03.txt,-8,0,0,1,202,9.18,12.38,0,0,0,3.96,21.78,13.86,1.49,14.36,3.47,8.42,7.43,9.9,4.46,0.5,0,0,0.5,7.92,4.46,3.47,0,0.99,31.68,3.96,3.96,4.95,4.95,3.47
Daniela,nunca04.txt,-7,0,0,1,188,12.53,11.7,0,0,1.6,6.91,16.49,10.11,5.32,8.51,0.53,7.98,9.04,8.51,0.53,0,1.06,1.06,5.32,7.45,5.32,2.13,1.6,1.06,26.6,3.19,1.06,4.79,3.19,1.06
Daniela,nunca05.txt,-6,0,0,1,120,8,16.67,0,0,0,6.67,17.5,10,4.17,7.5,1.67,5,8.33,4.17,1.67,0,0,0,0.83,11.67,5,6.67,0.83,4.17,23.33,7.5,0,4.17,3.33,1.67
Daniela,nunca06.txt,-5,0,0,1,320,16,8.12,0,7.5,0,1.25,19.06,10.62,5.31,11.88,0.94,9.38,11.88,9.69,4.06,0.62,0,1.25,0.94,9.06,4.38,4.69,0.94,0.94,25.62,4.06,5.62,0.94,4.06,1.25
Daniela,nunca07.txt,-4,0,0,1,6,6,0,0,0,0,0,0,0,0,0,0,0,0,0,16.67,0,0,0,0,0,0,0,0,0,0,0,0,0,0,0
Daniela,nunca08.txt,-3,0,0,1,4,4,0,0,0,0,0,0,0,0,0,0,0,0,0,0,0,0,0,25,50,50,0,0,0,0,0,0,0,0,0
Daniela,nunca09.txt,-2,0,0,1,62,10.33,11.29,0,6.45,0,1.61,29.03,17.74,1.61,24.19,1.61,6.45,8.06,8.06,6.45,1.61,0,3.23,0,4.84,3.23,1.61,0,0,24.19,1.61,1.61,0,3.23,1.61
Daniela,nunca10.txt,-1,0,0,1,230,7.19,15.65,0,0.43,0,3.91,15.22,10.43,4.35,8.7,0.43,6.52,9.13,6.96,2.17,0,1.3,0,0,5.65,4.78,0.87,0,0,20,1.3,1.74,3.04,2.61,3.91
Daniela,nunca11.txt,0,1,1,1,148,12.33,14.86,0,0,0,1.35,18.92,12.84,0,16.89,1.35,6.08,12.84,6.76,5.41,0,0,0,0.68,5.41,2.7,2.7,0.68,0,22.97,2.7,2.03,1.35,3.38,5.41
Daniela,nunca12.txt,1,2,0,1,271,14.26,12.92,0,1.48,0.37,2.58,19.19,12.55,6.27,9.59,1.48,9.23,8.49,8.12,2.58,0.74,0.37,0,1.11,6.27,2.58,3.69,0,0.37,24.35,4.43,1.48,2.58,4.8,3.32
Daniela,nunca13.txt,2,2,0,1,14,7,14.29,0,0,0,0,14.29,0,14.29,0,0,7.14,14.29,7.14,0,0,0,0,0,7.14,7.14,0,0,0,14.29,0,0,0,0,0
Daniela,nunca14.txt,3,2,0,1,327,11.28,12.54,0.31,0,0.31,6.73,20.49,11.31,2.45,14.37,2.45,4.89,13.76,5.81,4.59,1.22,0.31,0,0,3.06,1.22,1.83,0,0.31,21.71,2.14,0.61,4.59,4.89,2.14
Daniela,nunca15.txt,4,2,0,1,2,2,0,0,0,0,0,0,0,0,0,0,0,0,0,0,0,0,0,0,50,0,50,0,50,0,0,0,0,0,0
Daniela,nunca16.txt,5,2,0,1,465,8.94,10.75,0.22,0,0.22,5.16,16.56,9.03,5.38,9.89,0.86,7.31,10.97,7.96,3.23,0.22,0.22,1.72,1.29,8.39,4.3,4.09,0.43,2.37,20.65,2.15,1.72,1.08,3.01,3.87
Daniela,nunca17.txt,6,2,0,1,60,8.57,8.33,0,6.67,0,8.33,16.67,8.33,1.67,15,0,8.33,13.33,8.33,0,3.33,0,0,0,8.33,3.33,5,0,0,21.67,1.67,1.67,3.33,3.33,0
Daniela,nunca18.txt,7,2,0,1,92,7.67,13.04,0,1.09,0,3.26,22.83,14.13,1.09,20.65,0,7.61,13.04,6.52,1.09,2.17,0,1.09,0,14.13,8.7,5.43,0,2.17,21.74,5.43,1.09,1.09,4.35,4.35
Daniela,nunca19.txt,8,2,0,1,14,4.67,7.14,0,0,0,7.14,21.43,21.43,0,21.43,0,7.14,7.14,0,0,0,0,0,0,0,0,0,0,0,21.43,0,0,0,14.29,7.14
Daniela,nunca20.txt,9,2,0,1,292,9.12,10.27,0,0.34,0,2.4,21.92,12.33,2.05,15.41,1.03,8.56,13.36,8.22,3.08,0,0.34,0.34,0,11.3,5.48,5.82,1.03,3.42,25,4.79,1.03,2.74,7.19,3.08
Daniela,nunca21.txt,10,2,0,1,12,4,8.33,0,0,0,0,33.33,16.67,0,33.33,0,16.67,0,8.33,0,8.33,0,0,8.33,25,8.33,16.67,0,0,25,8.33,0,0,8.33,0
Daniela,perf1.txt,-10,0,0,1,293,22.54,3.07,3.41,0,1.02,8.53,8.53,4.1,3.75,4.44,0,2.39,16.04,8.19,1.37,0,0,0,0.68,3.07,2.05,1.02,0,0.34,14.68,1.37,1.37,0.34,1.02,0.34
Daniela,perf10.txt,-1,0,0,1,188,12.53,8.51,0,1.06,1.06,6.38,13.83,7.45,3.19,9.57,0.53,6.38,13.83,5.85,0.53,0,1.06,0.53,0,5.85,4.26,1.6,0.53,0.53,13.83,1.6,1.6,1.6,2.13,0.53
Daniela,perf11.txt,0,1,1,1,192,13.71,9.9,0,0.52,0,9.38,15.62,8.33,3.65,9.9,1.56,7.81,15.1,7.29,1.04,0,0,0,0,5.21,2.6,2.6,1.56,0.52,23.44,5.21,3.12,1.04,6.25,1.04
Daniela,perf12.txt,1,2,0,1,138,8.62,5.07,0,0,1.45,6.52,7.97,5.07,0,7.97,0,5.8,6.52,6.52,1.45,0,0,0,0,11.59,9.42,2.17,0.72,0.72,14.49,2.9,2.17,0,0,2.17
Daniela,perf13.txt,2,2,0,1,113,16.14,5.31,0,0,0,4.42,16.81,9.73,0.88,14.16,0.88,5.31,14.16,7.08,2.65,0.88,0,0,0,7.96,7.08,0.88,0,0,15.93,2.65,0.88,2.65,4.42,1.77
Daniela,perf14.txt,3,2,0,1,120,20,5.83,0.83,0,0,7.5,10,3.33,6.67,3.33,0,1.67,17.5,5,0,0,0,0.83,0,1.67,1.67,0,0,0,14.17,1.67,2.5,0,1.67,0.83
Daniela,perf15.txt,4,2,0,1,172,9.05,6.4,0,0,0,7.56,11.05,5.81,3.49,6.4,0.58,3.49,15.12,6.4,1.74,0,0.58,0,0,2.33,2.33,0,0,0,15.7,2.33,0.58,0.58,2.33,1.74
Daniela,perf16.txt,5,2,0,1,221,15.79,8.14,1.36,0.9,1.36,11.76,13.57,7.24,4.07,6.79,0.9,1.36,12.67,8.6,0.45,0.45,0,0.45,0,4.07,4.07,0,0,0,15.84,2.26,0.45,1.81,4.07,0.9
Daniela,perf17.txt,6,2,0,1,167,20.88,2.99,3.59,0,0,10.78,8.38,5.39,5.39,2.4,0.6,1.8,15.57,7.19,1.2,0,0,0,0.6,1.2,1.2,0,0,0,13.77,0,0.6,0.6,1.8,0
Daniela,perf18.txt,7,2,0,1,157,13.08,6.37,1.91,0,0,8.92,14.01,6.37,8.28,5.73,0,5.73,11.46,10.19,0.64,0,0,0.64,0,5.73,5.1,0.64,0,0,24.2,1.91,2.55,0.64,1.91,4.46
Daniela,perf19.txt,8,2,0,1,142,14.2,2.82,1.41,0,0.7,6.34,6.34,2.11,4.23,2.11,0,4.93,16.9,7.75,0,0,0,2.82,1.41,9.15,5.63,3.52,0.7,1.41,16.9,0,0.7,0,2.11,0.7
Daniela,perf2.txt,-9,0,0,1,185,12.33,4.32,3.24,0,0,9.19,9.19,4.32,7.03,2.16,0,4.86,16.22,5.95,0,0,0,0.54,0,5.41,2.7,2.7,1.62,0.54,12.43,0,1.62,0,1.08,0.54
Daniela,perf20.txt,9,2,0,1,170,15.45,8.24,2.35,0,0,6.47,10.59,6.47,5.88,4.71,0,4.71,8.82,6.47,0.59,0,0,1.18,0,7.65,7.06,0.59,0,0,11.76,2.35,1.76,0.59,1.18,1.18
Daniela,perf21.txt,10,2,0,1,454,15.13,4.63,1.1,1.32,0.22,8.37,15.64,10.57,3.74,9.69,1.54,5.51,11.45,6.39,1.54,0,0.22,0.66,0.88,4.63,2.42,2.2,0.22,0.44,14.98,2.2,1.32,0.88,3.52,1.1
Daniela,perf3.txt,-8,0,0,1,119,17,13.45,0,0,0,5.04,9.24,9.24,1.68,6.72,0,4.2,14.29,5.04,1.68,0,0,0.84,0,4.2,3.36,0.84,0,0.84,8.4,0.84,0,0,0.84,0.84
Daniela,perf4.txt,-7,0,0,1,93,10.33,3.23,2.15,1.08,2.15,4.3,13.98,9.68,5.38,8.6,0,2.15,10.75,9.68,1.08,0,0,1.08,0,8.6,5.38,3.23,0,1.08,18.28,1.08,1.08,0,5.38,1.08
Daniela,perf5.txt,-6,0,0,1,168,8.84,11.9,0,0.6,0,5.95,16.07,9.52,7.74,6.55,1.19,7.14,10.12,6.55,4.76,0.6,0,0,0,7.74,2.38,5.36,1.79,0.6,16.07,1.79,1.19,0.6,1.19,1.79
Daniela,perf6.txt,-5,0,0,1,169,18.78,5.33,0.59,0.59,0,2.96,15.38,8.88,7.1,8.28,0,3.55,14.2,6.51,1.18,0,0,1.18,0,7.1,6.51,0.59,0,0,13.61,2.37,0.59,0,1.78,0.59
Daniela,perf7.txt,-4,0,0,1,56,11.2,12.5,0,0,0,5.36,16.07,5.36,0,12.5,0,3.57,10.71,3.57,0,0,0,0,0,5.36,5.36,0,0,0,16.07,0,1.79,7.14,0,0
Daniela,perf8.txt,-3,0,0,1,315,13.7,9.21,0.32,0.32,0,6.03,15.56,10.79,7.94,5.4,0.95,6.35,13.02,5.08,1.27,0,0.63,1.27,0.95,4.76,2.22,2.54,0.32,1.9,18.1,4.13,0.95,1.27,5.71,0.95
Daniela,perf9.txt,-2,0,0,1,171,28.5,5.85,0.58,0.58,1.75,6.43,15.2,7.02,4.09,7.02,1.17,1.75,13.45,7.02,0.58,0,0.58,0.58,0,2.34,2.34,0,0,0,18.71,2.34,2.92,2.34,2.92,1.17
Daniela,pice01.txt,-10,0,0,1,635,24.42,5.04,2.36,0.94,0,7.4,11.18,6.14,3.15,6.61,0.63,5.51,14.49,6.46,0.94,0,0.31,0.47,2.36,5.35,2.83,2.52,0.16,0.79,18.43,2.05,1.42,1.42,3.31,1.89
Daniela,pice02.txt,-9,0,0,1,431,23.94,3.71,0.46,3.94,0,8.12,9.74,6.73,1.16,5.8,0.23,7.19,15.78,8.58,0.7,0,0,0.23,0.46,8.12,5.34,2.78,1.39,0.46,19.26,3.02,0.46,1.62,2.78,1.86
Daniela,pice03.txt,-8,0,0,1,472,18.15,11.44,1.48,1.48,0.42,2.75,15.25,8.47,1.27,10.38,1.48,7.84,11.44,4.66,2.75,0,0,0.21,1.91,6.99,3.6,2.75,0.21,0.64,22.25,3.81,2.12,2.54,3.18,1.91
Daniela,pice04.txt,-7,0,0,1,1449,19.32,0.55,0.76,8.56,3.24,4.69,17.87,8.42,1.04,14.29,0.69,5.87,13.73,6.97,1.66,0,0,0.07,0.9,10.97,7.66,3.04,0.62,1.66,20.15,3.38,1.79,1.31,3.38,2.07
Daniela,pice05.txt,-6,0,0,1,189,31.5,16.4,0,4.76,1.59,3.17,17.99,9.52,6.35,6.88,1.06,4.23,11.64,5.29,5.29,0,0,0,1.06,5.29,3.17,2.12,0,1.06,20.11,3.7,1.59,1.06,1.59,4.23
Daniela,pice06.txt,-5,0,0,1,137,6.85,27.01,0.73,2.19,0,1.46,30.66,24.82,2.19,7.3,21.17,2.19,5.84,4.38,5.11,0,0,0,0.73,2.92,0,2.92,0,2.92,11.68,0.73,0.73,0,0,0
Daniela,pice07.txt,-4,0,0,1,555,19.82,2.34,3.42,0.54,1.8,6.13,13.87,7.57,1.44,9.73,0.9,4.5,16.22,4.68,1.98,0,0.18,0,1.98,7.93,5.95,1.8,0.36,0,21.44,5.05,1.98,1.44,3.06,3.06
Daniela,pice08.txt,-3,0,0,1,322,10.06,3.42,0,2.48,0,8.39,13.35,9.63,2.17,9.94,0.31,3.73,16.15,4.97,3.11,0.31,0,0,0,4.97,2.48,2.48,0,0.93,12.73,1.24,1.24,0.93,0.31,1.55
Daniela,pice09.txt,-2,0,0,1,331,17.42,16.62,0,0.91,0.3,5.44,21.75,16.31,2.72,13.6,2.42,5.44,11.48,6.34,3.93,0,0,0,0.3,3.32,1.21,2.11,0.6,1.51,21.75,3.93,1.81,3.93,3.32,2.11
Daniela,pice10.txt,-1,0,0,1,87,10.88,18.39,0,0,0,8.05,20.69,16.09,5.75,6.9,4.6,5.75,4.6,9.2,8.05,0,0,0,0,4.6,4.6,0,0,0,25.29,1.15,0,8.05,1.15,0
Daniela,pice11.txt,0,1,1,1,301,21.5,9.97,0.33,0,1.33,4.32,17.28,10.3,0.66,12.96,1.66,8.31,9.63,7.31,1.99,0,0,0.33,1,6.98,2.99,3.99,1.66,0.33,24.58,5.98,1.66,2.66,6.64,0.66
Daniela,pice12.txt,1,2,0,1,102,6,8.82,0,0.98,0,5.88,10.78,6.86,4.9,3.92,0,3.92,14.71,3.92,0.98,0,0,0,0,16.67,0.98,15.69,0,12.75,3.92,0.98,0,0,0,1.96
Daniela,pice13.txt,2,2,0,1,1550,19.62,1.03,0.84,1.1,0.39,8.71,12.58,8.58,6.77,4.13,1.03,4,15.1,5.68,1.35,0.06,0.71,0.13,1.03,4.26,2.06,2.19,0.71,0.39,16.45,2.45,1.61,2.06,1.74,1.81
Daniela,pice14.txt,3,2,0,1,141,7.83,15.6,0,1.42,0,2.13,18.44,6.38,12.77,3.55,1.42,5.67,10.64,4.26,5.67,0,0,0,0,4.26,1.42,2.13,0,0,23.4,2.84,0,2.84,0,6.38
Daniela,pice15.txt,4,2,0,1,1152,18.58,5.73,0.35,1.04,1.39,5.73,13.54,9.72,2.34,9.03,0.43,6.08,16.49,6.16,2.52,1.04,0.17,0.26,0.26,4.6,2.26,2.34,0.26,0,16.75,1.74,1.65,1.56,1.56,2.17
Daniela,pice16.txt,5,2,0,1,311,311,13.5,0,6.43,0,1.61,24.76,14.15,0.96,14.47,5.14,3.54,14.79,4.18,7.4,0,0,0,0,1.93,0.96,0.96,0.32,0.32,26.69,5.47,2.25,2.25,0.32,4.82
Daniela,pice17.txt,6,2,0,1,409,24.06,4.89,0.24,0,0.73,5.13,11.49,7.33,4.4,4.65,0.98,3.67,15.65,6.6,1.71,1.22,2.69,0.98,0.49,9.29,2.69,6.36,0.73,0.24,18.83,2.2,1.96,1.96,2.44,1.47
Daniela,pice18.txt,7,2,0,1,95,11.88,2.11,0,0,0,9.47,7.37,7.37,0,4.21,1.05,2.11,12.63,10.53,1.05,0,0,0,0,3.16,1.05,2.11,0,1.05,18.95,1.05,3.16,2.11,1.05,3.16
Daniela,queen01.txt,-10,0,0,1,584,14.97,12.33,0,0,0.51,4.79,16.61,10.79,5.82,8.22,0.68,8.22,11.13,6.68,1.88,0.17,0.17,0,0,3.42,2.23,1.03,0,0.34,19.18,3.08,1.03,1.88,4.11,1.88
Daniela,queen02.txt,-9,0,0,1,471,15.7,8.7,0,2.12,1.49,6.37,16.14,11.46,1.91,9.55,1.91,6.37,12.1,5.94,1.7,0,0,0,0.42,6.16,4.46,1.7,1.06,0,18.05,2.97,1.49,2.34,2.12,2.76
Daniela,queen03.txt,-8,0,0,1,1833,15.53,6.71,1.04,1.15,1.42,6.76,16.53,11.02,6.87,7.58,0.76,7.04,11.07,6.66,2.18,0,0.27,0.22,1.58,6.22,4.36,1.69,0.38,0.16,16.75,2.13,1.96,1.09,1.8,2.18
Daniela,queen04.txt,-7,0,0,1,233,12.94,9.01,0.43,0.86,0.86,6.01,12.88,5.58,6.87,4.72,0.43,6.44,14.16,5.58,1.29,0,0,0,0.43,6.44,5.58,0.86,0.43,0,18.03,0.86,1.72,1.72,3,1.72
Daniela,queen05.txt,-6,0,0,1,73,14.6,10.96,0,1.37,0,8.22,19.18,15.07,1.37,16.44,1.37,5.48,10.96,8.22,1.37,0,0,0,0,4.11,4.11,0,0,0,13.7,1.37,2.74,2.74,2.74,1.37
Daniela,queen06.txt,-5,0,0,1,31,15.5,0,3.23,0,0,0,12.9,9.68,0,3.23,6.45,6.45,9.68,6.45,3.23,0,0,0,0,3.23,3.23,0,0,0,9.68,0,0,0,0,6.45
Daniela,queen07.txt,-4,0,0,1,1365,12.08,2.27,0.15,0.95,1.1,6.15,15.46,8.79,2.71,11.28,0.51,6.52,11.58,6.23,1.61,0,0.29,0.29,3.96,5.71,2.64,3.08,0.59,0.73,15.97,2.71,1.98,2.12,2.78,1.25
Daniela,queen08.txt,-3,0,0,1,921,13.54,5.97,1.52,0.87,0.65,8.79,13.9,10.1,4.45,7.82,0.54,6.41,13.25,5.21,0.76,0,0.22,0.22,0.54,6.41,5.97,0.33,0,0,12.38,2.06,0.76,0.76,1.19,1.41
Daniela,queen09.txt,-2,0,0,1,736,16,10.6,0.95,0,0.68,5.3,16.58,9.51,2.99,11.01,1.22,6.11,14.95,7.74,2.17,0.14,0.27,0,0.82,3.94,2.45,1.36,0,0.14,18.48,2.04,1.63,2.31,2.45,0.82
Daniela,queen10.txt,-1,0,0,1,1737,14.48,7.48,1.09,0.35,0.63,6.79,15.66,10.13,6.62,6.56,0.75,5.99,12.9,6.85,1.21,0,0.35,0.46,0.46,7.2,5.53,1.5,0.29,0.17,16.7,1.9,1.27,1.96,2.53,1.55
Daniela,queen11.txt,0,1,1,1,605,15.51,13.06,0.66,0,1.49,6.12,16.53,9.92,4.46,10.58,0.33,5.79,12.23,5.95,2.31,0,0.33,0.17,0.99,4.13,2.64,1.32,0.17,0.83,19.17,3.14,1.65,3.47,2.31,1.32
Daniela,queen12.txt,1,2,0,1,660,17.84,10.61,0.15,0.91,1.36,6.82,15.91,9.55,5.45,7.88,1.21,8.33,11.36,8.33,1.52,0,0.15,0.45,0.45,7.88,4.7,2.58,0.61,1.06,19.39,2.88,1.36,2.88,3.33,1.21
Daniela,queen13.txt,2,2,0,1,1965,15.12,8.35,0.87,0.25,0.51,6.06,16.9,10.89,7.07,7.23,1.02,6.77,11.65,7.48,1.58,0.05,0.36,0.36,1.27,6.92,4.68,1.98,0.41,0.25,16.44,1.63,1.73,2.04,2.49,1.78
Daniela,queen14.txt,3,2,0,1,848,13.68,8.25,0,0.83,0.59,7.19,16.39,9.55,3.77,10.5,0.47,8.49,11.67,6.96,1.53,0.12,0.12,0,2.24,5.66,4.13,1.42,0.12,0.24,17.45,2.71,1.65,2.12,3.07,1.89
Daniela,queen15.txt,4,2,0,1,2135,13.1,6.23,1.64,0.7,1.22,6.32,13.86,8.67,7.49,4.92,0.56,6.37,11.57,6.98,1.45,0,0.89,0.56,1.12,7.92,6.42,1.41,0.47,0.19,16.91,2.34,0.98,1.73,1.78,1.83
Daniela,queen16.txt,5,2,0,1,377,15.08,10.88,0,0.53,0.8,5.04,14.59,8.49,3.98,8.75,0.8,7.69,10.34,5.84,2.65,0,0,0,0.8,5.84,2.92,2.92,0.27,0.53,16.71,3.18,0.8,1.59,3.98,1.59
Daniela,queen17.txt,6,2,0,1,29,9.67,3.45,3.45,3.45,0,3.45,24.14,13.79,3.45,17.24,0,10.34,3.45,0,0,0,3.45,0,0,17.24,17.24,0,0,0,27.59,3.45,0,0,3.45,6.9
Daniela,queen18.txt,7,2,0,1,188,14.46,5.32,0,0,0,3.72,21.81,12.23,4.79,14.89,1.06,12.23,11.17,11.7,1.6,0,0,0,1.6,9.57,6.38,3.19,1.06,0,24.47,2.66,1.6,0,8.51,2.13
Daniela,raven1.txt,-10,0,0,1,406,15.62,5.67,5.42,0,0.99,4.93,15.27,7.39,7.39,6.4,0.74,5.17,12.07,10.1,1.72,0,0,0,0.49,4.93,3.94,0.99,0.25,0.25,18.72,1.48,1.97,0.74,2.96,0.25
Daniela,raven10.txt,-1,0,0,1,307,13.95,6.84,0.33,1.63,0.65,6.19,16.94,9.77,4.56,10.1,1.63,8.47,10.75,7.49,2.93,0.33,0.33,0,0,4.56,1.95,2.61,0.98,0.65,17.59,0.65,2.93,3.58,3.26,0.98
Daniela,raven11.txt,0,1,1,1,266,11.08,10.15,0,0,0,6.39,15.04,7.52,1.5,12.78,0.38,9.77,8.27,11.28,3.76,0.75,0.38,0,0.75,7.14,4.51,2.63,0.75,0,22.18,3.01,1.13,1.5,2.63,3.01
Daniela,raven12.txt,1,2,0,1,36,9,5.56,0,0,0,8.33,8.33,2.78,0,5.56,0,8.33,16.67,8.33,0,2.78,0,0,0,13.89,0,13.89,0,5.56,16.67,0,0,0,2.78,2.78
Daniela,raven13.txt,2,2,0,1,496,14.59,7.06,0.6,0.2,0.6,7.06,16.73,9.68,9.07,6.25,0.4,7.46,11.69,7.06,1.41,1.01,0,0.4,0.6,10.28,4.64,5.44,2.22,0.4,16.13,1.41,2.62,0.81,1.81,2.22
Daniela,raven14.txt,3,2,0,1,37,9.25,2.7,0,0,0,8.11,27.03,8.11,8.11,13.51,2.7,13.51,8.11,5.41,0,5.41,0,0,2.7,8.11,2.7,5.41,0,0,16.22,0,0,0,8.11,0
Daniela,raven15.txt,4,2,0,1,67,16.75,2.99,0,5.97,0,7.46,14.93,11.94,0,14.93,0,7.46,10.45,10.45,2.99,0,0,0,0,8.96,4.48,2.99,1.49,0,17.91,1.49,4.48,0,2.99,1.49
Daniela,raven16.txt,5,2,0,1,274,11.42,7.3,1.46,0,0.73,6.2,16.42,12.77,4.38,6.57,2.92,6.2,11.68,10.95,1.09,1.09,0,0,1.46,9.49,3.65,5.84,0.73,1.46,18.25,0.36,1.46,4.01,2.92,0.36
Daniela,raven17.txt,6,2,0,1,15,5,6.67,0,13.33,0,0,26.67,13.33,13.33,6.67,6.67,0,13.33,6.67,0,0,0,0,0,6.67,6.67,0,0,0,20,6.67,0,6.67,0,6.67
Daniela,raven18.txt,7,2,0,1,22,5.5,4.55,0,0,4.55,0,13.64,4.55,0,13.64,0,4.55,0,13.64,4.55,0,0,0,0,22.73,9.09,13.64,9.09,0,27.27,4.55,4.55,4.55,9.09,4.55
Daniela,raven19.txt,8,2,0,1,239,11.38,4.6,0,0,1.26,5.86,12.13,8.37,9.21,2.51,0.42,8.79,9.62,12.97,1.67,0.42,0.42,0,0,11.3,7.11,4.18,0,0,18.41,0.42,1.67,2.09,2.51,2.93
Daniela,raven2.txt,-9,0,0,1,185,16.82,10.27,0.54,0,1.08,2.16,17.84,11.89,1.62,14.05,1.08,10.27,14.05,10.27,3.24,0,0.54,0,1.08,3.78,2.16,1.62,0,0,17.84,1.08,1.62,4.86,2.7,0.54
Daniela,raven20.txt,9,2,0,1,293,16.28,9.9,0,0.34,0.68,6.48,18.09,10.92,7.85,8.87,0,5.46,13.99,7.17,4.1,0.68,0,0,1.02,7.17,2.39,4.78,1.71,0.68,24.57,4.1,3.41,2.39,2.39,1.02
Daniela,raven21.txt,10,2,0,1,37,9.25,5.41,0,0,0,0,10.81,8.11,0,8.11,2.7,8.11,18.92,10.81,2.7,0,0,0,0,2.7,0,2.7,0,0,24.32,0,5.41,2.7,10.81,5.41
Daniela,raven3.txt,-8,0,0,1,15,15,0,0,13.33,0,6.67,20,20,0,0,6.67,0,6.67,6.67,0,0,0,0,0,0,0,0,0,0,33.33,6.67,0,20,13.33,0
Daniela,raven4.txt,-7,0,0,1,80,11.43,5,1.25,0,0,7.5,18.75,8.75,8.75,6.25,1.25,7.5,12.5,10,0,0,0,1.25,0,6.25,6.25,0,0,0,11.25,0,2.5,2.5,2.5,0
Daniela,raven5.txt,-6,0,0,1,369,14.19,7.32,0.81,0.27,0.54,6.78,15.72,10.03,6.78,7.32,1.08,7.32,11.92,7.86,2.17,0.27,0.81,0.27,0.27,7.59,5.96,1.63,0.54,0,19.24,1.08,1.63,1.08,3.52,2.98
Daniela,raven6.txt,-5,0,0,1,51,8.5,7.84,1.96,0,0,7.84,7.84,3.92,1.96,3.92,1.96,1.96,15.69,5.88,0,0,0,0,0,13.73,11.76,1.96,0,0,15.69,0,0,1.96,3.92,0
Daniela,raven7.txt,-4,0,0,1,103,11.44,6.8,0,6.8,0,1.94,23.3,15.53,0.97,19.42,2.91,7.77,6.8,8.74,5.83,0,0,0,0.97,5.83,4.85,0.97,0,0,23.3,3.88,1.94,7.77,5.83,2.91
Daniela,raven8.txt,-3,0,0,1,285,12.95,9.47,0.7,1.05,1.75,2.81,21.75,12.98,6.67,11.93,1.75,6.32,12.63,6.32,3.86,0,0.7,0,0.7,5.61,3.16,2.46,0.7,0,17.89,1.75,2.46,2.46,1.05,2.11
Daniela,raven9.txt,-2,0,0,1,66,8.25,9.09,0,0,1.52,3.03,15.15,4.55,1.52,13.64,0,12.12,10.61,7.58,0,0,0,0,0,7.58,6.06,1.52,1.52,0,13.64,1.52,1.52,3.03,3.03,0
Henrique,angel1.txt,-5,0,0,1,10,10,10,0,0,0,0,0,0,0,0,0,10,20,0,0,0,0,0,0,0,0,0,0,0,50,10,10,10,20,0
Henrique,angel2.txt,-4,0,0,1,135,9.64,16.3,0,0,0,5.93,20.74,14.81,3.7,14.81,0,10.37,11.85,6.67,2.22,0,0,0,1.48,8.89,3.7,5.19,2.22,1.48,22.96,2.96,0.74,2.22,5.19,1.48
Henrique,angel3.txt,-3,0,0,1,175,12.5,13.71,0,0,0.57,4.57,20,14.29,8.57,8.57,1.14,6.86,13.14,9.14,2.86,0,0,0,0,9.14,1.14,7.43,3.43,2.86,23.43,2.86,1.71,3.43,2.86,1.14
Henrique,angel4.txt,-2,0,0,1,148,10.57,16.89,0,0.68,0,5.41,20.95,14.19,3.38,17.57,0,5.41,12.16,8.78,2.03,0.68,0,0,0,7.43,6.76,0.68,0,0,21.62,1.35,2.03,2.03,4.05,1.35
Henrique,angel5.txt,-1,0,0,1,269,269,12.27,0,1.49,3.35,2.6,14.13,10.04,1.12,11.9,1.12,4.46,10.78,6.69,4.46,0,0,0,4.83,13.01,2.97,10.04,0,7.81,5.95,0,0,1.12,3.35,1.12
Henrique,angel6.txt,0,1,1,1,154,11.85,13.64,0.65,0,0.65,2.6,20.13,13.64,3.9,13.64,0,8.44,9.74,11.69,2.6,0,0,0,1.3,12.34,2.6,9.09,0.65,4.55,23.38,4.55,1.95,2.6,2.6,1.3
Henrique,post1.txt,-5,0,0,1,438,15.64,8.45,0.23,0,1.37,8.9,18.04,10.96,5.48,9.59,1.6,5.71,14.38,6.16,1.14,0,0,0,0.23,4.57,2.74,1.83,0.23,0.68,15.98,3.88,0.68,2.05,3.88,0.68
Henrique,post10.txt,4,2,0,1,44,14.67,11.36,0,0,0,4.55,27.27,18.18,6.82,20.45,0,11.36,9.09,0,0,0,0,0,0,0,0,0,0,0,6.82,2.27,0,0,2.27,0
Henrique,post2.txt,-4,0,0,1,108,12,7.41,0,0,0,8.33,19.44,10.19,11.11,5.56,0,6.48,11.11,2.78,2.78,0,0,0,0,2.78,2.78,0,0,0,21.3,5.56,1.85,1.85,6.48,3.7
Henrique,post3.txt,-3,0,0,1,421,13.58,4.28,3.09,0.48,1.9,10.69,16.63,10.45,12.35,2.61,0.48,4.99,13.54,8.31,0.95,0,0.48,0.24,0.95,3.09,2.14,0.95,0,0,17.58,1.43,2.61,1.19,3.09,0.24
Henrique,post4.txt,-2,0,0,1,37,9.25,5.41,0,0,0,5.41,18.92,13.51,0,8.11,0,10.81,18.92,2.7,0,0,0,0,0,8.11,2.7,5.41,0,5.41,16.22,5.41,0,5.41,0,0
Henrique,post5.txt,-1,0,0,1,333,16.65,2.4,3.3,0,2.4,12.31,17.12,9.31,12.61,2.7,0.9,4.2,13.21,3.9,0.9,0,0,0.3,0.6,3.6,1.5,2.1,0,0.9,18.92,3.9,0.6,2.4,5.41,1.8
Henrique,post6.txt,0,1,1,1,407,9.69,13.76,0.49,0,0,4.18,19.41,11.55,9.09,6.39,1.72,6.14,12.78,3.93,0.98,0,0.49,0,0.98,4.67,2.95,1.72,0,1.47,18.18,5.16,0.74,1.72,1.72,0.74
Henrique,post7.txt,1,2,0,1,90,11.25,16.67,0,0,0,3.33,24.44,18.89,1.11,17.78,1.11,6.67,11.11,4.44,3.33,0,0,0,0,7.78,2.22,5.56,0,3.33,24.44,10,1.11,3.33,4.44,3.33
Henrique,post8.txt,2,2,0,1,72,8,18.06,0,0,0,4.17,23.61,15.28,1.39,22.22,0,2.78,11.11,2.78,6.94,0,0,0,0,5.56,5.56,0,0,0,16.67,5.56,1.39,2.78,5.56,2.78
Henrique,post9.txt,3,2,0,1,12,6,16.67,0,0,0,8.33,25,25,8.33,16.67,0,0,8.33,0,0,0,0,0,0,25,8.33,16.67,0,0,16.67,0,0,0,8.33,0
Henrique,post1.txt,-5,0,0,1,156,17.33,5.77,0.64,0,1.28,4.49,19.23,14.1,1.92,13.46,1.92,4.49,14.74,12.18,1.92,0,0,0,0.64,6.41,3.85,2.56,1.28,1.92,25,2.56,2.56,3.21,2.56,3.21
Henrique,post10.txt,4,2,0,1,586,24.42,10.07,0,1.02,1.02,5.97,17.92,10.58,2.56,12.97,0.17,5.46,15.36,6.31,2.05,0.17,0,0.17,2.05,6.14,4.61,1.54,0.34,0.68,18.43,3.75,3.24,1.71,2.22,1.37
Henrique,post11.txt,5,2,0,1,283,23.58,9.89,0,0,0.35,4.24,21.2,13.78,3.89,13.78,0.71,9.19,12.01,7.77,2.12,0.35,0,0,2.83,5.3,3.53,1.77,0,0,26.5,5.65,1.77,2.47,3.89,2.83
Henrique,post2.txt,-4,0,0,1,182,15.17,10.44,0,0,0,6.04,15.38,11.54,2.75,11.54,0.55,6.04,14.29,8.24,1.1,0.55,0,0,0,5.49,0.55,4.95,0.55,0.55,20.33,2.2,3.85,1.65,0.55,4.4
Henrique,post3.txt,-3,0,0,1,96,12,10.42,4.17,5.21,0,2.08,21.88,16.67,9.38,9.38,0,8.33,10.42,8.33,2.08,0,0,0,0,4.17,3.12,1.04,0,0,19.79,1.04,2.08,3.12,1.04,2.08
Henrique,post4.txt,-2,0,0,1,457,16.93,8.97,0.88,1.53,0.88,8.53,16.85,11.38,2.19,11.16,0.88,4.38,11.82,5.69,1.75,0.22,0,0,0.66,6.35,4.6,1.75,0.22,0.66,17.51,4.16,2.41,1.53,1.75,1.75
Henrique,post5.txt,-1,0,0,1,190,21.11,7.37,0,0,3.16,9.47,15.79,10,1.58,13.16,0.53,4.21,13.16,6.32,1.58,0,0,0,1.05,6.32,3.68,2.11,0,0,15.79,2.11,2.11,1.05,3.16,2.63
Henrique,post6.txt,0,1,1,1,175,17.5,15.43,0,0,0,5.14,18.29,11.43,2.29,12,0.57,6.86,17.14,7.43,1.71,0,0,0,0,4.57,1.14,2.86,1.14,0.57,20,2.86,5.14,2.29,3.43,1.14
Henrique,post7.txt,1,2,0,1,181,16.45,11.05,0,11.05,0,2.76,12.71,6.08,0.55,11.05,0,7.73,17.68,6.08,0.55,0,0,0,0,8.29,6.63,1.66,0.55,1.1,17.13,1.66,0.55,1.66,2.21,4.42
Henrique,post8.txt,2,2,0,1,37,37,8.11,0,0,0,2.7,8.11,2.7,0,5.41,0,0,16.22,5.41,0,0,2.7,0,0,2.7,2.7,0,0,0,13.51,0,0,0,0,0
Henrique,post9.txt,3,2,0,1,376,17.09,3.19,0.27,3.46,0.8,5.85,14.63,9.04,1.86,11.44,0.8,6.91,14.63,6.38,1.86,0,0,1.6,0.8,9.31,5.59,3.72,0.27,2.13,20.21,3.19,4.26,1.33,3.72,1.86
Henrique,fwufferzpost1.txt,-5,0,0,1,62,10.33,14.52,0,0,0,1.61,14.52,12.9,0,9.68,0,8.06,14.52,9.68,4.84,0,0,0,0,9.68,4.84,4.84,1.61,0,24.19,4.84,3.23,1.61,1.61,4.84
Henrique,fwufferzpost2.txt,-4,0,0,1,679,135.8,0.74,0,0,0,0.74,1.77,1.03,0.15,1.18,0,2.65,2.21,2.5,1.18,0,0,0,0.74,1.47,1.18,0.29,0,0.29,2.5,0.44,0.44,0.15,0.29,0.44
Henrique,fwufferzpost3.txt,-3,0,0,1,141,10.85,12.06,0,1.42,2.13,5.67,15.6,9.22,1.42,12.77,0.71,10.64,11.35,7.8,3.55,0,2.84,0.71,0.71,4.96,4.96,0,0,0,12.77,2.84,2.13,0.71,0.71,0
Henrique,fwufferzpost4.txt,-2,0,0,1,129,14.33,8.53,2.33,0.78,0,4.65,20.93,12.4,2.33,13.95,0.78,7.75,16.28,8.53,2.33,0,0,0,0,5.43,3.1,2.33,0,1.55,24.03,3.88,3.1,2.33,4.65,2.33
Henrique,fwufferzpost5.txt,-1,0,0,1,102,11.33,0,0,10.78,0,11.76,18.63,9.8,0.98,16.67,0,2.94,11.76,4.9,0,0,0,0,0,3.92,2.94,0.98,0,0.98,13.73,1.96,0.98,0,0,2.94
Henrique,fwufferzpost6.txt,0,1,1,1,217,12.06,16.59,0,0,0,4.61,15.21,9.22,0.92,13.36,0,6.45,12.44,5.53,3.23,0.46,0,0,0.92,8.29,2.76,5.53,1.84,1.38,19.35,3.23,1.38,2.3,1.38,2.76
Henrique,fwufferzpost7.txt,1,2,0,1,193,12.87,10.36,0,1.04,0.52,5.7,16.58,11.92,3.11,11.4,1.55,5.18,15.03,6.74,3.11,0,0,1.04,0,8.29,3.11,5.18,2.59,0.52,20.73,3.11,2.59,2.59,2.59,2.59
Henrique,fwufferzpost8.txt,2,2,0,1,196,14,13.27,0,0,0,4.59,12.76,8.16,2.04,10.2,0.51,7.14,12.76,6.12,3.57,0,0,0,0,4.59,1.53,3.06,1.02,1.02,14.29,2.55,0.51,0.51,1.02,3.06
Henrique,fwufferzpost9.txt,3,2,0,1,1862,15.52,0.64,0.11,0.38,0.38,11.6,7.84,4.78,1.88,5.16,0.48,3.11,14.5,6.12,1.88,0,3.92,0.05,0.86,5.8,3.76,2.04,0.27,0.75,11.87,1.72,0.54,0.64,0.81,0.86
Henrique,post1.txt,-5,0,0,1,9,9,11.11,0,0,0,11.11,11.11,11.11,0,11.11,0,0,11.11,0,11.11,0,0,0,0,0,0,0,0,0,11.11,11.11,0,0,0,0
Henrique,post10.txt,4,2,0,1,34,11.33,2.94,0,0,0,8.82,11.76,2.94,5.88,5.88,0,8.82,26.47,0,0,0,0,0,0,5.88,5.88,0,0,0,14.71,0,2.94,2.94,2.94,0
Henrique,post11.txt,5,2,0,1,5,5,0,0,0,0,0,0,0,0,0,0,0,40,0,0,0,0,0,0,0,0,0,0,0,0,0,0,0,0,0
Henrique,post2.txt,-4,0,0,1,5,5,20,0,0,0,20,20,0,0,20,0,20,0,0,0,0,0,0,0,20,0,20,0,20,20,0,0,0,0,20
Henrique,post3.txt,-3,0,0,1,36,7.2,13.89,0,0,0,2.78,30.56,16.67,0,22.22,0,11.11,5.56,11.11,5.56,2.78,0,0,0,13.89,0,13.89,0,0,16.67,2.78,0,2.78,0,0
Henrique,post4.txt,-2,0,0,1,35,8.75,8.57,0,0,0,5.71,31.43,22.86,0,25.71,2.86,2.86,11.43,11.43,11.43,0,0,0,0,2.86,2.86,0,0,0,31.43,2.86,5.71,8.57,5.71,0
Henrique,post5.txt,-1,0,0,1,3,3,0,0,0,0,0,0,0,0,0,0,0,0,0,0,0,0,0,0,33.33,0,33.33,33.33,0,0,0,0,0,0,0
Henrique,post6.txt,0,1,1,1,160,10.67,6.88,2.5,0,0.62,5.62,20,15,2.5,13.12,1.25,3.75,19.38,7.5,1.25,0,0,0,0,1.88,1.25,0.62,0,0.62,23.75,1.25,2.5,4.38,0.62,3.12
Henrique,post7.txt,1,2,0,1,24,8,4.17,0,0,0,12.5,20.83,16.67,4.17,12.5,4.17,8.33,12.5,4.17,0,0,0,0,0,8.33,0,8.33,0,0,16.67,4.17,0,0,8.33,0
Henrique,post8.txt,2,2,0,1,12,6,25,0,0,0,8.33,33.33,25,8.33,25,0,8.33,8.33,16.67,8.33,0,0,0,0,0,0,0,0,0,16.67,0,0,0,8.33,0
Henrique,post9.txt,3,2,0,1,12,12,0,0,16.67,0,0,25,25,0,25,0,8.33,0,8.33,8.33,0,0,8.33,0,16.67,8.33,8.33,0,0,33.33,8.33,0,0,16.67,0
Henrique,post1.txt,-5,0,0,1,1486,18.35,5.05,4.58,0,0.54,7.13,13.12,6.26,7.81,3.77,0.27,5.72,13.86,7.74,0.74,0,0.13,0.4,0.61,4.51,3.36,1.14,0.4,0.61,19.11,3.3,1.62,1.41,2.69,0.54
Henrique,post10.txt,4,2,0,1,83,9.22,10.84,0,0,0,6.02,15.66,10.84,2.41,9.64,1.2,4.82,13.25,4.82,2.41,0,0,0,0,4.82,4.82,0,0,0,13.25,4.82,0,2.41,1.2,2.41
Henrique,post11.txt,5,2,0,1,87,10.88,4.6,0,0,1.15,6.9,11.49,5.75,6.9,2.3,0,4.6,13.79,8.05,0,0,0,1.15,2.3,12.64,8.05,4.6,2.3,0,18.39,1.15,0,0,1.15,3.45
Henrique,post2.txt,-4,0,0,1,289,22.23,8.65,0.69,0,0.35,6.23,10.03,7.61,1.38,7.61,0.69,3.46,15.22,8.3,0.35,0,0,0.35,0.69,10.03,9,0.69,0.35,0,18.69,3.46,1.73,1.38,1.38,2.42
Henrique,post3.txt,-3,0,0,1,141,17.62,2.13,4.26,0,0,7.09,8.51,4.26,5.67,2.13,0.71,0.71,14.18,10.64,0,0,0,0.71,0,9.93,9.93,0,0,0,19.15,0.71,0,0,0.71,0
Henrique,post4.txt,-2,0,0,1,58,29,0,1.72,6.9,1.72,6.9,10.34,3.45,1.72,6.9,1.72,0,8.62,6.9,1.72,0,1.72,0,0,8.62,8.62,0,0,0,18.97,1.72,1.72,3.45,3.45,0
Henrique,post5.txt,-1,0,0,1,95,15.83,4.21,1.05,0,2.11,4.21,14.74,7.37,4.21,7.37,0,3.16,15.79,8.42,0,0,0,0,4.21,3.16,3.16,0,0,0,20,3.16,2.11,0,3.16,0
Henrique,post6.txt,1,1,1,1,166,13.83,13.86,0,0,0,4.82,15.06,8.43,0.6,12.65,1.2,7.83,13.25,6.02,1.2,0,0.6,0,0,10.24,9.64,0.6,0.6,0,20.48,6.63,2.41,1.81,2.41,1.2
Henrique,post7.txt,2,2,0,1,213,17.75,3.76,2.82,0,2.35,6.57,14.08,6.57,7.98,5.16,0,2.35,15.49,8.92,2.82,0,0.47,0.94,2.35,7.04,6.1,0.94,0,0.47,15.49,1.88,0.94,0.47,1.41,0.94
Henrique,post8.txt,3,2,0,1,132,14.67,3.03,0.76,8.33,0,6.06,20.45,14.39,0.76,15.91,0.76,8.33,13.64,4.55,2.27,0,0,0,0,8.33,6.82,1.52,0.76,0,18.94,3.03,1.52,3.03,2.27,2.27
Henrique,post9.txt,4,2,0,1,67,16.75,10.45,1.49,0,1.49,4.48,17.91,7.46,4.48,11.94,0,8.96,11.94,5.97,4.48,0,0,0,0,10.45,8.96,1.49,1.49,0,25.37,7.46,2.99,1.49,4.48,1.49
Henrique,sarahjane-finch1.txt,-5,0,0,1,273,24.82,4.4,0.37,0.37,0.37,4.03,20.51,13.55,7.69,8.06,2.56,3.66,12.82,8.42,2.56,0,0,0.73,1.47,7.33,3.3,4.03,0.37,0.73,20.88,3.66,2.2,4.4,0.73,2.93
Henrique,sarahjane-finch2.txt,-4,0,0,1,385,42.78,10.39,0.52,0.26,0,5.71,14.81,10.39,5.71,6.23,0.26,7.79,14.29,8.05,2.6,0,0.52,0,0.52,5.97,4.68,1.04,0.26,0.26,19.48,4.42,1.82,1.04,2.6,2.34
Henrique,sarahjane-finch3.txt,-3,0,0,1,185,30.83,11.89,0,0,0.54,7.57,14.59,8.11,9.73,4.86,0,4.86,16.22,7.03,0.54,0,1.08,0,0,5.95,3.78,2.16,0.54,1.08,18.92,4.86,1.08,1.08,0.54,1.62
Henrique,sarahjane-finch4.txt,-2,0,0,1,126,21,15.08,0,1.59,0,6.35,19.84,12.7,5.56,11.9,0.79,10.32,14.29,5.56,3.97,1.59,0,0,0,7.94,2.38,5.56,1.59,1.59,12.7,0.79,0.79,0.79,0,0
Henrique,sarahjane-finch5.txt,-1,0,0,1,292,48.67,9.25,0,3.08,0.34,2.4,16.44,12.33,4.11,10.96,0.34,5.82,13.7,10.27,2.05,0,0.34,0,0.68,8.56,3.08,5.48,1.37,0.68,20.55,5.48,3.77,2.4,2.4,0.68
Henrique,sarahjane-finch6.txt,0,1,1,1,228,45.6,12.72,0,0,3.07,5.7,15.35,7.89,2.19,12.28,0,5.26,13.6,7.89,3.51,0,0,1.75,3.07,6.58,4.82,1.75,0.44,0,23.68,5.7,1.75,1.75,3.07,1.32
Henrique,sarahjane-finch7.txt,1,2,0,1,213,30.43,12.21,0,0.47,1.88,4.69,19.25,9.39,5.63,10.33,0.94,7.04,11.74,7.51,0.94,0,0,0,0.47,4.23,2.82,1.41,0,0.47,21.13,3.76,1.88,3.29,3.76,0.94
Henrique,post1.txt,-5,0,0,1,29,9.67,10.34,0,0,0,3.45,20.69,17.24,6.9,13.79,0,10.34,10.34,0,3.45,0,0,0,0,3.45,3.45,0,0,0,20.69,0,3.45,0,6.9,3.45
Henrique,post10.txt,4,2,0,1,586,18.31,12.12,0.17,0.68,1.37,4.78,15.53,10.07,1.37,11.6,1.19,7.17,15.87,7.51,2.05,0.17,0.51,0.17,0.34,7.17,4.61,2.39,0.51,0.68,19.45,3.24,1.02,1.88,1.71,2.73
Henrique,post2.txt,-4,0,0,1,324,12.46,9.26,0.93,0.93,0.31,1.85,19.14,11.42,1.54,15.74,0.62,10.49,15.74,9.57,0.93,0,0.62,0.31,0.31,3.4,2.16,1.23,0.93,0,23.46,4.01,1.54,2.47,6.17,3.09
Henrique,post3.txt,-3,0,0,1,343,9.03,11.08,0.29,0.29,0,2.62,23.03,16.03,3.21,12.83,5.25,10.5,11.66,7.87,2.33,0,0,0,0,6.71,4.37,2.33,0.29,0.29,22.45,0.87,1.17,4.37,4.08,2.92
Henrique,post4.txt,-2,0,0,1,504,17.38,10.71,0,0,0.2,5.36,13.29,10.12,4.56,6.55,1.19,7.74,14.88,6.15,1.79,0,0,0,0.4,6.75,3.17,3.57,0.2,0.6,20.44,3.57,0.99,1.39,2.98,4.76
Henrique,post5.txt,-1,0,0,1,733,13.09,6.82,2.32,0.95,0.68,5.73,14.6,9.82,0.95,11.6,1.09,6.14,15.01,5.18,1.64,0.14,0.14,0,0.41,6.55,4.91,1.64,0.41,0.82,21.15,3,1.09,0.55,4.37,4.37
Henrique,post6.txt,0,1,1,1,381,9.52,12.34,0.26,0.79,0,4.2,15.49,10.24,1.05,12.86,1.05,7.35,11.55,7.09,0.79,0,0,0,0.26,6.3,3.15,2.89,1.31,0.52,22.57,4.46,2.62,2.89,3.94,3.67
Henrique,post7.txt,1,2,0,1,621,10.18,9.66,0.32,0.16,0.64,2.9,16.91,11.92,1.61,12.56,0.81,9.66,10.95,7.73,1.77,0,0,0,0.16,6.28,4.35,1.77,0.64,0.32,20.93,2.74,2.09,2.25,3.22,4.03
Henrique,post8.txt,2,2,0,1,471,9.06,11.89,0.21,3.82,0,3.18,16.99,9.34,2.76,10.83,1.27,5.52,12.31,6.37,2.12,0,0,0.64,1.06,10.4,4.88,5.52,1.06,2.12,21.02,3.4,1.91,3.18,2.97,2.12
Henrique,post9.txt,3,2,0,1,221,10.05,7.24,0,0,0.9,8.14,14.03,9.95,1.36,9.05,1.81,7.69,12.22,6.79,0.45,1.36,0,0,0.45,5.88,3.62,2.26,0,0,19,3.17,0.45,3.17,2.26,3.17
